{
  "width": 482,
  "height": 406,
  "cx": [
    [ "AVANCEMENT", 59 ],
    [ "UTILISATEUR", 193 ],
    [ "GERER", 305 ],
    [ "COURS", 420 ],
    [ "CHAPITRE", 59 ],
    [ "A", 193 ],
    [ "MODULE", 305 ],
    [ "CONTIENT", 420 ],
    [ "LESSON", 59 ],
    [ "ASSOCIE", 193 ],
    [ "INCLUT", 305 ],
    [ "TEST", 420 ]
  ],
  "cy": [
    [ "AVANCEMENT", 85 ],
    [ "UTILISATEUR", 85 ],
    [ "GERER", 85 ],
    [ "COURS", 85 ],
    [ "CHAPITRE", 228 ],
    [ "A", 228 ],
    [ "MODULE", 228 ],
    [ "CONTIENT", 228 ],
    [ "LESSON", 346 ],
    [ "ASSOCIE", 346 ],
    [ "INCLUT", 346 ],
    [ "TEST", 346 ]
  ],
  "shift": [
    [ "AVANCEMENT,UTILISATEUR,0", 0 ],
    [ "AVANCEMENT,CHAPITRE,0", 0 ],
    [ "GERER,UTILISATEUR,0", 0 ],
    [ "GERER,COURS,0", 0 ],
    [ "A,MODULE,0", 0 ],
    [ "A,CHAPITRE,0", 0 ],
    [ "CONTIENT,COURS,0", 0 ],
    [ "CONTIENT,MODULE,0", 0 ],
    [ "ASSOCIE,CHAPITRE,0", 0 ],
    [ "ASSOCIE,LESSON,0", 0 ],
    [ "INCLUT,CHAPITRE,0", 0 ],
    [ "INCLUT,TEST,0", 0 ]
  ],
  "ratio": []
}
