-- MySQL dump 10.13  Distrib 8.0.36, for Linux (x86_64)
--
-- Host: localhost    Database: educraft
-- ------------------------------------------------------
-- Server version	11.3.2-MariaDB-1:11.3.2+maria~ubu2204

/*!40101 SET @OLD_CHARACTER_SET_CLIENT=@@CHARACTER_SET_CLIENT */;
/*!40101 SET @OLD_CHARACTER_SET_RESULTS=@@CHARACTER_SET_RESULTS */;
/*!40101 SET @OLD_COLLATION_CONNECTION=@@COLLATION_CONNECTION */;
/*!50503 SET NAMES utf8mb4 */;
/*!40103 SET @OLD_TIME_ZONE=@@TIME_ZONE */;
/*!40103 SET TIME_ZONE='+00:00' */;
/*!40014 SET @OLD_UNIQUE_CHECKS=@@UNIQUE_CHECKS, UNIQUE_CHECKS=0 */;
/*!40014 SET @OLD_FOREIGN_KEY_CHECKS=@@FOREIGN_KEY_CHECKS, FOREIGN_KEY_CHECKS=0 */;
/*!40101 SET @OLD_SQL_MODE=@@SQL_MODE, SQL_MODE='NO_AUTO_VALUE_ON_ZERO' */;
/*!40111 SET @OLD_SQL_NOTES=@@SQL_NOTES, SQL_NOTES=0 */;

--
-- Table structure for table `chapters`
--

DROP TABLE IF EXISTS `chapters`;
/*!40101 SET @saved_cs_client     = @@character_set_client */;
/*!50503 SET character_set_client = utf8mb4 */;
CREATE TABLE `chapters` (
  `_id` int(11) NOT NULL AUTO_INCREMENT,
  `module_id` int(11) DEFAULT NULL,
  `title` text DEFAULT NULL,
  `description` text DEFAULT NULL,
  `quizGroupes` int(11) DEFAULT NULL,
  createdAt TIMESTAMP DEFAULT current_timestamp(),
  PRIMARY KEY (`_id`),
  KEY `fk_module_id` (`module_id`),
  CONSTRAINT `fk_module_id` FOREIGN KEY (`module_id`) REFERENCES `modules` (`_id`)
) ENGINE=InnoDB AUTO_INCREMENT=257 DEFAULT CHARSET=utf8mb4 COLLATE=utf8mb4_general_ci;
/*!40101 SET character_set_client = @saved_cs_client */;

--
-- Dumping data for table `chapters`
--

LOCK TABLES `chapters` WRITE;
/*!40000 ALTER TABLE `chapters` DISABLE KEYS */;
INSERT INTO `chapters` VALUES (1,1,'Historique des réseaux informatiques','Apprendre l\'histoire des réseaux et l\'innovation de l\'internet',1,'2024-05-25'),(2,1,'Types de réseaux','Classification des différents types de réseaux informatiques',1,'2024-05-25'),(3,1,'Composants d\'un réseau','Vue d\'ensemble des composants essentiels d\'un réseau',1,'2024-05-25'),(4,1,'Topologies de réseau','Découverte des différentes structures de réseau',1,'2024-05-25'),(5,1,'Modèles de communication','Explication des modèles de communication en réseau',1,'2024-05-25'),(6,1,'Protocoles réseau','Vue d\'ensemble des protocoles utilisés dans les réseaux informatiques',1,'2024-05-25'),(7,1,'Architecture client-serveur','Explication de l\'architecture client-serveur et son fonctionnement',1,'2024-05-25'),(8,1,'Sécurité des réseaux','Vue d\'ensemble de la sécurité des réseaux informatiques',1,'2024-05-25'),(9,1,'Administration réseau','Introduction à l\'administration des réseaux informatiques',1,'2024-05-25'),(10,1,'Évolutions récentes dans les réseaux','Découverte des dernières avancées dans le domaine des réseaux',1,'2024-05-25'),(11,2,'Modèles de communication','Explication des modèles de communication en réseau',0,'2024-05-25'),(12,2,'Types de médias de transmission','Vue d\'ensemble des différents médias de transmission utilisés en réseau',0,'2024-05-25'),(13,2,'Protocoles de communication','Vue d\'ensemble des protocoles de communication en réseau',0,'2024-05-25'),(14,2,'Équipements réseau de base','Vue d\'ensemble des équipements de base utilisés dans les réseaux',0,'2024-05-25'),(15,2,'Adressage IP et masques de sous-réseau','Explication de l\'adressage IP et des masques de sous-réseau',0,'2024-05-25'),(16,2,'Configuration de base d\'un routeur','Découverte de la configuration de base d\'un routeur',0,'2024-05-25'),(17,2,'Configuration de base d\'un commutateur','Découverte de la configuration de base d\'un commutateur',0,'2024-05-25'),(18,2,'Configuration de base d\'un point d\'accès sans fil','Découverte de la configuration de base d\'un point d\'accès sans fil',0,'2024-05-25'),(19,2,'Compréhension des VLAN','Explication des Virtual LANs (VLANs) et de leur fonctionnement',0,'2024-05-25'),(20,2,'Introduction aux concepts de sécurité réseau','Introduction aux concepts de sécurité utilisés dans les réseaux informatiques',0,'2024-05-25'),(21,11,'Fonctionnement du routage','Explication du fonctionnement du routage dans les réseaux',0,'2024-05-25'),(22,11,'Fonctionnement de la commutation','Explication du fonctionnement de la commutation dans les réseaux',0,'2024-05-25'),(23,11,'Types de routeurs','Vue d\'ensemble des différents types de routeurs utilisés dans les réseaux',0,'2024-05-25'),(24,11,'Types de commutateurs','Vue d\'ensemble des différents types de commutateurs utilisés dans les réseaux',0,'2024-05-25'),(25,11,'Protocoles de routage','Vue d\'ensemble des protocoles de routage utilisés dans les réseaux',0,'2024-05-25'),(26,11,'Protocoles de commutation','Vue d\'ensemble des protocoles de commutation utilisés dans les réseaux',0,'2024-05-25'),(27,11,'Concepts de routage statique','Explication des concepts de routage statique et de leur fonctionnement',0,'2024-05-25'),(28,11,'Configuration de base des routeurs','Découverte de la configuration de base des routeurs',0,'2024-05-25'),(29,11,'Configuration de base des commutateurs','Découverte de la configuration de base des commutateurs',0,'2024-05-25'),(36,3,'Introduction au modèle OSI','Explication du modèle OSI (Open Systems Interconnection)',0,'2024-07-08'),(37,3,'Couche physique du modèle OSI','Fonctionnement de la couche physique du modèle OSI',0,'2024-07-08'),(38,3,'Couche liaison de données du modèle OSI','Fonctionnement de la couche liaison de données du modèle OSI',0,'2024-07-08'),(39,3,'Couche réseau du modèle OSI','Fonctionnement de la couche réseau du modèle OSI',0,'2024-07-08'),(40,3,'Couche transport du modèle OSI','Fonctionnement de la couche transport du modèle OSI',0,'2024-07-08'),(41,3,'Couche session du modèle OSI','Fonctionnement de la couche session du modèle OSI',0,'2024-07-08'),(42,3,'Couche présentation du modèle OSI','Fonctionnement de la couche présentation du modèle OSI',0,'2024-07-08'),(43,3,'Couche application du modèle OSI','Fonctionnement de la couche application du modèle OSI',0,'2024-07-08'),(44,4,'Introduction au modèle TCP/IP','Explication du modèle TCP/IP (Transmission Control Protocol / Internet Protocol)',0,'2024-07-08'),(45,4,'Couche réseau du modèle TCP/IP','Fonctionnement de la couche réseau du modèle TCP/IP',0,'2024-07-08'),(46,4,'Couche transport du modèle TCP/IP','Fonctionnement de la couche transport du modèle TCP/IP',0,'2024-07-08'),(47,4,'Couche application du modèle TCP/IP','Fonctionnement de la couche application du modèle TCP/IP',0,'2024-07-08'),(48,5,'Introduction aux réseaux locaux Ethernet','Concepts de base et fonctionnement des réseaux locaux Ethernet',0,'2024-07-08'),(49,4,'Introduction au modèle TCP/IP','Explication du modèle TCP/IP (Transmission Control Protocol / Internet Protocol)',0,'2024-07-08'),(50,4,'Couche réseau du modèle TCP/IP','Fonctionnement de la couche réseau du modèle TCP/IP',0,'2024-07-08'),(51,4,'Couche transport du modèle TCP/IP','Fonctionnement de la couche transport du modèle TCP/IP',0,'2024-07-08'),(52,4,'Couche application du modèle TCP/IP','Fonctionnement de la couche application du modèle TCP/IP',0,'2024-07-08'),(53,5,'Introduction aux réseaux locaux Ethernet','Concepts de base et fonctionnement des réseaux locaux Ethernet',0,'2024-07-08'),(54,6,'Configuration d\'adresses IPv4 sur les périphériques réseau','Méthodes pour configurer des adresses IPv4 sur les routeurs et les commutateurs',0,'2024-07-08'),(55,6,'Configuration d\'adresses IPv4 sur les périphériques réseau','Méthodes pour configurer des adresses IPv4 sur les routeurs et les commutateurs',0,'2024-07-08'),(56,6,'Résolution d\'adresses MAC en IPv4','Processus de résolution d\'adresses MAC à partir d\'adresses IPv4',0,'2024-07-08'),(57,6,'Utilisation d\'outils de diagnostic pour l\'adressage IPv4','Outils et techniques pour diagnostiquer et résoudre les problèmes d\'adressage IPv4',0,'2024-07-08'),(58,6,'Migration vers IPv6','Stratégies et procédures pour la migration d\'un réseau IPv4 vers IPv6',0,'2024-07-08'),(59,7,'Introduction à la subdivision des réseaux IP','Concepts de base et objectifs de la subdivision des réseaux IP',0,'2024-07-08'),(60,7,'Calcul de sous-réseaux','Méthodologies et techniques pour calculer les sous-réseaux IP',0,'2024-07-08'),(61,7,'Attribution d\'adresses IP','Processus et directives pour l\'attribution d\'adresses IP dans les sous-réseaux',0,'2024-07-08'),(62,7,'Planification de réseaux IP','Stratégies et meilleures pratiques pour la planification de réseaux IP',0,'2024-07-08'),(63,7,'Déploiement de réseaux IP','Procédures et processus pour le déploiement de réseaux IP subdivisés',0,'2024-07-08'),(64,7,'Sécurité dans les réseaux IP subdivisés','Mesures de sécurité spécifiques aux réseaux IP subdivisés',0,'2024-07-08'),(65,8,'Technologies WLAN','Principes de base des technologies WLAN (Wireless Local Area Network)',0,'2024-07-08'),(66,8,'Sécurité des réseaux WLAN','Stratégies et techniques de sécurité pour les réseaux WLAN',0,'2024-07-08'),(67,8,'Configuration de base des points d\'accès WLAN','Procédures pour la configuration initiale des points d\'accès WLAN',0,'2024-07-08'),(68,8,'Dépannage des réseaux WLAN','Méthodologies et outils pour le dépannage des réseaux WLAN',0,'2024-07-08'),(69,8,'Gestion des performances des réseaux WLAN','Stratégies pour optimiser les performances des réseaux WLAN',0,'2024-07-08'),(70,8,'Évolutivité des réseaux WLAN','Considérations et pratiques pour l\'évolutivité des réseaux WLAN',0,'2024-07-08'),(71,9,'Introduction à la sécurité réseau','Concepts de base et importance de la sécurité réseau',0,'2024-07-08'),(72,9,'Mécanismes de sécurité réseau','Vue d\'ensemble des mécanismes et outils de sécurité réseau',0,'2024-07-08'),(73,9,'Politiques de sécurité réseau','Développement et mise en œuvre de politiques de sécurité réseau',0,'2024-07-08'),(74,9,'Sécurité des périphériques réseau','Mesures de sécurité spécifiques pour protéger les périphériques réseau',0,'2024-07-08'),(75,9,'Sécurité des communications réseau','Techniques et protocoles pour sécuriser les communications réseau',0,'2024-07-08'),(76,9,'Audits de sécurité réseau','Processus d\'audit et de vérification de la sécurité réseau',0,'2024-07-08'),(77,10,'Fonctionnalités et rôles des routeurs','Explication des fonctionnalités et des rôles des routeurs dans un réseau',0,'2024-07-08'),(78,10,'Configuration de base d\'un routeur Cisco','Procédures de configuration initiale d\'un routeur Cisco',0,'2024-07-08'),(79,10,'Routage statique','Configuration et utilisation du routage statique sur les routeurs Cisco',0,'2024-07-08'),(80,10,'Routage dynamique','Configuration et utilisation du routage dynamique sur les routeurs Cisco',0,'2024-07-08'),(81,10,'Configuration des interfaces réseau sur un routeur Cisco','Méthodes pour configurer les interfaces réseau sur un routeur Cisco',0,'2024-07-08'),(82,10,'Sécurité des routeurs Cisco','Pratiques et techniques pour sécuriser les routeurs Cisco',0,'2024-07-08'),(83,12,'Introduction aux concepts de routage','Définition et importance des concepts de routage dans les réseaux informatiques',0,'2024-07-08'),(84,12,'Fonctionnement des tables de routage','Explication du fonctionnement des tables de routage et de leur rôle dans le routage IP',0,'2024-07-08'),(85,12,'Types de routage','Vue d\'ensemble des différents types de routage utilisés dans les réseaux',0,'2024-07-08'),(86,12,'Étapes du processus de routage','Description des étapes impliquées dans le processus de routage d\'un paquet de données',0,'2024-07-08'),(87,12,'Métriques de routage','Exemples de métriques utilisées pour le calcul des chemins de routage',0,'2024-07-08'),(88,12,'Techniques avancées de routage','Exploration des techniques avancées telles que le routage par politique et le routage par défaut',0,'2024-07-08'),(89,13,'Configuration du routage statique','Procédures et méthodes pour configurer le routage statique sur des routeurs Cisco',0,'2024-07-08'),(90,13,'Avantages et inconvénients du routage statique','Analyse des avantages et des inconvénients du routage statique par rapport au routage dynamique',0,'2024-07-08'),(91,13,'Dépannage du routage statique','Techniques et outils pour le dépannage des problèmes de routage statique',0,'2024-07-08'),(92,13,'Utilisation de routes par défaut avec le routage statique','Configuration et utilisation de routes par défaut dans le contexte du routage statique',0,'2024-07-08'),(93,13,'Sécurité avec le routage statique','Mesures de sécurité spécifiques à la configuration du routage statique',0,'2024-07-08'),(94,13,'Mise à jour des tables de routage avec le routage statique','Processus de mise à jour et de maintenance des tables de routage statique',0,'2024-07-08'),(95,14,'Introduction aux protocoles de routage dynamique','Définition et rôles des protocoles de routage dynamique dans les réseaux informatiques',0,'2024-07-08'),(96,14,'Protocole RIP (Routing Information Protocol)','Fonctionnement, avantages et limitations du protocole RIP',0,'2024-07-08'),(97,14,'Protocole OSPF (Open Shortest Path First)','Fonctionnement, avantages et domaines d\'application du protocole OSPF',0,'2024-07-08'),(98,14,'Protocole EIGRP (Enhanced Interior Gateway Routing Protocol)','Caractéristiques, avantages et mise en œuvre du protocole EIGRP',0,'2024-07-08'),(99,14,'Comparaison des protocoles de routage dynamique','Analyse comparative des protocoles de routage dynamique pour différents scénarios réseau',0,'2024-07-08'),(100,14,'Mise en œuvre multi-protocoles de routage dynamique','Stratégies pour l\'implémentation et l\'intégration de plusieurs protocoles de routage dynamique',0,'2024-07-08'),(101,15,'Introduction aux concepts de commutation','Fonctionnement et rôles des commutateurs dans les réseaux locaux',0,'2024-07-08'),(102,15,'Technologies de commutation','Types et fonctionnalités des technologies de commutation utilisées dans les réseaux locaux',0,'2024-07-08'),(103,15,'Table de commutation','Structure et fonctionnement de la table de commutation dans les commutateurs réseau',0,'2024-07-08'),(104,15,'Stratégies de commutation','Méthodologies et techniques pour la mise en œuvre de stratégies de commutation efficaces',0,'2024-07-08'),(105,15,'Dépannage des commutateurs réseau','Outils et procédures pour le dépannage des problèmes de commutation réseau',0,'2024-07-08'),(106,15,'Sécurité des commutateurs réseau','Mesures et bonnes pratiques pour sécuriser les commutateurs réseau dans un environnement d\'entreprise',0,'2024-07-08'),(107,16,'Configuration initiale d\'un commutateur Cisco','Procédures et étapes pour la configuration initiale d\'un commutateur Cisco',0,'2024-07-08'),(108,16,'Gestion des VLANs sur les commutateurs','Configuration et gestion des VLANs (Virtual LANs) sur les commutateurs Cisco',0,'2024-07-08'),(109,16,'Sécurité des ports sur les commutateurs','Stratégies pour sécuriser les ports sur les commutateurs Cisco dans un réseau local',0,'2024-07-08'),(110,16,'Spanning Tree Protocol (STP)','Fonctionnement et configuration du Spanning Tree Protocol (STP) sur les commutateurs Cisco',0,'2024-07-08'),(111,16,'Dépannage des commutateurs Cisco','Techniques et outils pour le dépannage des commutateurs Cisco dans un réseau local',0,'2024-07-08'),(112,16,'Gestion des performances des commutateurs Cisco','Stratégies pour optimiser les performances des commutateurs Cisco dans un environnement réseau',0,'2024-07-08'),(113,17,'Concepts de VLANs','Définition et avantages des Virtual LANs (VLANs) dans les réseaux locaux',0,'2024-07-08'),(114,17,'Configuration des VLANs sur les commutateurs Cisco','Procédures et méthodes pour configurer les VLANs sur les commutateurs Cisco',0,'2024-07-08'),(115,17,'Inter-VLAN Routing','Configuration et gestion du routage inter-VLAN sur les commutateurs Cisco',0,'2024-07-08'),(116,17,'Sécurité des VLANs','Mesures et bonnes pratiques pour sécuriser les VLANs dans les réseaux locaux',0,'2024-07-08'),(117,17,'Dépannage des VLANs','Techniques et outils pour le dépannage des problèmes liés aux VLANs dans les réseaux locaux',0,'2024-07-08'),(118,17,'Migration des VLANs','Stratégies et considérations pour la migration et l\'évolution des VLANs dans les réseaux locaux',0,'2024-07-08'),(119,18,'Introduction aux listes de contrôle d\'accès','Rôles et utilisation des listes de contrôle d\'accès (ACL) dans les réseaux informatiques',0,'2024-07-08'),(120,18,'Types de listes de contrôle d\'accès','Différents types de listes de contrôle d\'accès (ACL) et leurs applications dans les réseaux',0,'2024-07-08'),(121,18,'Configuration des ACL sur les routeurs Cisco','Procédures et étapes pour configurer les listes de contrôle d\'accès sur les routeurs Cisco',0,'2024-07-08'),(122,18,'Application des ACL dans les réseaux locaux','Exemples d\'application des listes de contrôle d\'accès (ACL) dans les réseaux locaux',0,'2024-07-08'),(123,18,'Sécurité renforcée avec les ACL','Utilisation des listes de contrôle d\'accès (ACL) pour renforcer la sécurité dans les réseaux',0,'2024-07-08'),(124,18,'Dépannage des ACL','Techniques et procédures pour le dépannage des problèmes liés aux listes de contrôle d\'accès (ACL)',0,'2024-07-08'),(125,19,'Introduction au DHCP (Dynamic Host Configuration Protocol)','Fonctionnement et rôles du protocole DHCP dans la gestion des adresses IP',0,'2024-07-08'),(126,19,'Configuration d\'un serveur DHCP','Procédures et étapes pour configurer un serveur DHCP dans un réseau informatique',0,'2024-07-08'),(127,19,'Sécurité et gestion des pools DHCP','Mesures de sécurité et meilleures pratiques pour la gestion des pools DHCP',0,'2024-07-08'),(128,19,'Introduction au DNS (Domain Name System)','Fonctionnement et rôles du système de noms de domaine (DNS) dans les réseaux informatiques',0,'2024-07-08'),(129,19,'Configuration d\'un serveur DNS','Procédures et étapes pour configurer un serveur DNS dans un réseau informatique',0,'2024-07-08'),(130,19,'Dépannage DHCP et DNS','Techniques et outils pour le dépannage des problèmes liés au DHCP et au DNS dans les réseaux',0,'2024-07-08'),(131,20,'Introduction à la NAT (Network Address Translation)','Fonctionnement et rôles de la traduction d\'adresse réseau (NAT) dans les réseaux informatiques',0,'2024-07-08'),(132,20,'Types de NAT','Différents types de traduction d\'adresse réseau (NAT) et leurs applications dans les réseaux',0,'2024-07-08'),(133,20,'Configuration de la NAT sur les routeurs Cisco','Procédures et étapes pour configurer la traduction d\'adresse réseau (NAT) sur les routeurs Cisco',0,'2024-07-08'),(134,20,'Sécurité avec la NAT','Utilisation de la traduction d\'adresse réseau (NAT) pour renforcer la sécurité dans les réseaux',0,'2024-07-08'),(135,20,'Avantages et limitations de la NAT','Analyse des avantages et des limitations de la traduction d\'adresse réseau (NAT) dans les réseaux',0,'2024-07-08'),(136,20,'Dépannage de la NAT','Techniques et procédures pour le dépannage des problèmes liés à la traduction d\'adresse réseau (NAT)',0,'2024-07-08'),(137,21,'Introduction à la mise à l\'échelle des réseaux','Concepts et techniques pour augmenter la capacité des réseaux à grande échelle',0,'2024-07-08'),(138,21,'Stratégies de conception pour la mise à l\'échelle','Méthodes et bonnes pratiques pour concevoir des réseaux évolutifs',0,'2024-07-08'),(139,21,'Technologies et protocoles pour la mise à l\'échelle','Examen des technologies et des protocoles utilisés pour étendre les capacités des réseaux',0,'2024-07-08'),(140,21,'Défis et solutions de la mise à l\'échelle','Analyse des défis courants rencontrés lors de la mise à l\'échelle des réseaux et des solutions correspondantes',0,'2024-07-08'),(141,21,'Études de cas de mise à l\'échelle réussie','Exemples réels de réseaux ayant réussi à s\'adapter et à croître de manière efficace',0,'2024-07-08'),(142,21,'Sécurité lors de la mise à l\'échelle des réseaux','Considérations et meilleures pratiques pour assurer la sécurité tout en étendant la capacité des réseaux',0,'2024-07-08'),(143,22,'Concepts de redondance dans les LAN','Explication des principes de redondance appliqués aux réseaux locaux',0,'2024-07-08'),(144,22,'Technologies de redondance pour les LAN','Vue d\'ensemble des technologies utilisées pour assurer la redondance dans les réseaux locaux',0,'2024-07-08'),(145,22,'Implémentation de la redondance dans les LAN','Procédures et méthodes pour mettre en œuvre des configurations redondantes dans les réseaux locaux',0,'2024-07-08'),(146,22,'Avantages de la redondance dans les LAN','Avantages et bénéfices de l\'utilisation de la redondance pour améliorer la disponibilité et la fiabilité des réseaux locaux',0,'2024-07-08'),(147,22,'Dépannage de configurations redondantes dans les LAN','Techniques et outils pour résoudre les problèmes liés à la configuration de redondance dans les réseaux locaux',0,'2024-07-08'),(148,22,'Études de cas de redondance réussie dans les LAN','Exemples réels illustrant l\'application réussie de la redondance pour améliorer la performance et la robustesse des réseaux locaux',0,'2024-07-08'),(149,23,'Introduction aux concepts WAN','Principes fondamentaux et définitions des réseaux étendus (WAN)',0,'2024-07-08'),(150,23,'Comparaison entre WAN et LAN','Différences clés et caractéristiques distinctives des réseaux étendus (WAN) par rapport aux réseaux locaux (LAN)',0,'2024-07-08'),(151,23,'Évolution des technologies WAN','Historique et développement des technologies utilisées dans les réseaux étendus (WAN)',0,'2024-07-08'),(152,23,'Architecture typique des WAN','Structure et organisation des réseaux étendus (WAN) pour soutenir la connectivité à grande échelle',0,'2024-07-08'),(153,23,'Défis et solutions pour les réseaux WAN','Problèmes courants rencontrés dans les réseaux étendus (WAN) et méthodes pour les résoudre efficacement',0,'2024-07-08'),(154,23,'Sécurité dans les réseaux WAN','Stratégies et meilleures pratiques pour assurer la sécurité des réseaux étendus (WAN)',0,'2024-07-08'),(155,24,'Technologies de liaison WAN','Vue d\'ensemble des technologies et des méthodes utilisées pour établir des connexions WAN',0,'2024-07-08'),(156,24,'Protocoles de routage dans les réseaux WAN','Principaux protocoles de routage utilisés dans les réseaux étendus (WAN) pour l\'acheminement efficace des données',0,'2024-07-08'),(157,24,'Technologies d\'accès Internet WAN','Méthodes et technologies pour accéder à Internet à travers les réseaux étendus (WAN)',0,'2024-07-08'),(158,24,'Mise en œuvre de VPN dans les réseaux WAN','Configuration et déploiement de réseaux privés virtuels (VPN) pour sécuriser les communications dans les réseaux étendus (WAN)',0,'2024-07-08'),(159,24,'Technologies de gestion de la bande passante WAN','Outils et techniques pour gérer efficacement la bande passante dans les réseaux étendus (WAN)',0,'2024-07-08'),(160,24,'Dépannage des technologies WAN','Stratégies et méthodologies pour diagnostiquer et résoudre les problèmes dans les technologies WAN',0,'2024-07-08'),(161,25,'Introduction aux concepts de routage','Fondements et principes du routage dans les réseaux informatiques',0,'2024-07-08'),(162,25,'Types de routage','Comparaison des différents types de routage utilisés dans les réseaux',0,'2024-07-08'),(163,25,'Routage statique vs routage dynamique','Différences et avantages du routage statique et du routage dynamique dans les réseaux',0,'2024-07-08'),(164,25,'Technologies avancées de routage','Exploration des technologies modernes et avancées de routage utilisées dans les réseaux complexes',0,'2024-07-08'),(165,25,'Sécurité et routage','Stratégies et protocoles pour sécuriser les processus de routage dans les réseaux',0,'2024-07-08'),(166,25,'Études de cas de mise en œuvre de routage efficace','Exemples concrets de mise en œuvre réussie de stratégies de routage dans des environnements réels',0,'2024-07-08'),(167,26,'Introduction à EIGRP','Présentation du protocole de routage Enhanced Interior Gateway Routing Protocol (EIGRP)',0,'2024-07-08'),(168,26,'Fonctionnement de base d\'EIGRP','Fonctionnement interne et mécanismes fondamentaux d\'EIGRP',0,'2024-07-08'),(169,26,'Configuration d\'EIGRP','Procédures et étapes pour configurer EIGRP sur des routeurs Cisco',0,'2024-07-08'),(170,26,'Optimisation de la performance EIGRP','Techniques et bonnes pratiques pour optimiser les performances d\'EIGRP dans des réseaux complexes',0,'2024-07-08'),(171,26,'Dépannage EIGRP','Méthodes et outils pour diagnostiquer et résoudre les problèmes liés à EIGRP',0,'2024-07-08'),(172,26,'Études de cas d\'implémentation EIGRP','Exemples réels d\'implémentation réussie d\'EIGRP dans des environnements réseau variés',0,'2024-07-08'),(173,27,'Introduction à OSPF','Présentation du protocole de routage Open Shortest Path First (OSPF)',0,'2024-07-08'),(174,27,'Fonctionnement de base d\'OSPF','Mécanismes internes et principes fondamentaux d\'OSPF',0,'2024-07-08'),(175,27,'Configuration OSPF','Étapes et procédures pour configurer OSPF sur des routeurs et des commutateurs Cisco',0,'2024-07-08'),(176,27,'Optimisation de la performance OSPF','Techniques avancées pour améliorer et optimiser les performances d\'OSPF dans les réseaux complexes',0,'2024-07-08'),(177,27,'Dépannage OSPF','Stratégies et méthodes pour diagnostiquer et résoudre les problèmes liés à OSPF',0,'2024-07-08'),(178,27,'Études de cas d\'implémentation OSPF','Exemples réels d\'implémentation réussie d\'OSPF dans divers environnements réseau',0,'2024-07-08'),(179,28,'Introduction à IPv6','Fondements et principes du protocole Internet Protocol version 6 (IPv6)',0,'2024-07-08'),(180,28,'Transition IPv6','Stratégies et techniques pour migrer de IPv4 à IPv6 dans les réseaux existants',0,'2024-07-08'),(181,28,'Configuration IPv6','Procédures et méthodes pour configurer IPv6 sur des équipements réseau',0,'2024-07-08'),(182,28,'Sécurité IPv6','Mesures de sécurité et bonnes pratiques pour protéger les réseaux IPv6 contre les menaces',0,'2024-07-08'),(183,28,'Adressage IPv6','Structure et format des adresses IPv6 ainsi que leur attribution dans les réseaux',0,'2024-07-08'),(184,28,'Déploiement IPv6','Stratégies et recommandations pour déployer IPv6 de manière efficace et sécurisée',0,'2024-07-08'),(185,29,'Introduction au dépannage réseau','Principes de base et méthodologies pour le dépannage des problèmes réseau',0,'2024-07-08'),(186,29,'Outils de dépannage réseau','Présentation des outils logiciels utilisés pour diagnostiquer et résoudre les problèmes réseau',0,'2024-07-08'),(187,29,'Méthodologie de dépannage réseau','Processus étape par étape pour identifier, isoler et résoudre les pannes réseau',0,'2024-07-08'),(188,29,'Problèmes courants de réseau','Exemples de pannes et de problèmes réseau courants rencontrés dans les environnements IT',0,'2024-07-08'),(189,29,'Dépannage de connectivité réseau','Techniques pour résoudre les problèmes de connectivité réseau et de communication',0,'2024-07-08'),(190,29,'Études de cas de dépannage réseau','Exemples pratiques de dépannage réussi de problèmes réseau dans des environnements réels',0,'2024-07-08'),(191,30,'Introduction à la gestion réseau','Rôles, responsabilités et objectifs de la gestion des réseaux informatiques',0,'2024-07-08'),(192,30,'Outils de gestion réseau','Aperçu des outils logiciels et des plates-formes utilisés pour gérer les réseaux IT',0,'2024-07-08'),(193,30,'Stratégies de gestion de réseau','Méthodes et approches pour planifier, surveiller et optimiser la gestion des réseaux informatiques',0,'2024-07-08'),(194,30,'Sécurité dans la gestion des réseaux','Considérations et meilleures pratiques pour sécuriser les processus et les données de gestion réseau',0,'2024-07-08'),(195,30,'Surveillance et analyse de la performance réseau','Outils et techniques pour surveiller, analyser et optimiser les performances du réseau informatique',0,'2024-07-08'),(196,30,'Études de cas de gestion réseau','Exemples concrets d\'implémentation réussie de stratégies et d\'outils de gestion réseau',0,'2024-07-08'),(197,31,'Introduction à la connexion des réseaux','Concepts fondamentaux et principes de base pour connecter des réseaux entre eux',0,'2024-07-08'),(198,31,'Interopérabilité des protocoles','Méthodes et techniques pour assurer l\'interopérabilité des protocoles entre différents réseaux',0,'2024-07-08'),(199,31,'Topologies de connexion réseau','Types de topologies utilisées pour connecter des réseaux locaux et étendus',0,'2024-07-08'),(200,31,'Solutions de connexion réseau','Examen des technologies et des solutions utilisées pour connecter des réseaux d\'entreprise',0,'2024-07-08'),(201,31,'Sécurité dans la connexion des réseaux','Considérations et meilleures pratiques pour sécuriser les connexions entre réseaux',0,'2024-07-08'),(202,31,'Études de cas de connexion réseau','Exemples réels d\'implémentation réussie de connexions entre réseaux dans des environnements variés',0,'2024-07-08'),(203,32,'Introduction aux réseaux étendus','Principes fondamentaux et avantages des réseaux étendus (WAN)',0,'2024-07-08'),(204,32,'Technologies de transmission WAN','Types de technologies et de médias utilisés pour la transmission dans les réseaux étendus',0,'2024-07-08'),(205,32,'Protocoles de routage pour réseaux étendus','Analyse des protocoles de routage utilisés pour les réseaux étendus et leurs applications',0,'2024-07-08'),(206,32,'Optimisation des performances WAN','Techniques et stratégies pour améliorer les performances des réseaux étendus',0,'2024-07-08'),(207,32,'Sécurité dans les réseaux étendus','Mesures de sécurité et meilleures pratiques pour protéger les réseaux étendus contre les menaces',0,'2024-07-08'),(208,32,'Études de cas de réseaux étendus','Exemples d\'implémentation et de gestion réussies de réseaux étendus dans des organisations diverses',0,'2024-07-08'),(209,33,'Introduction à l\'informatique en nuage','Concepts fondamentaux et modèles de service de l\'informatique en nuage',0,'2024-07-08'),(210,33,'Services de l\'informatique en nuage','Types de services et d\'offres disponibles dans l\'informatique en nuage',0,'2024-07-08'),(211,33,'Avantages et défis de l\'informatique en nuage','Analyse des avantages potentiels et des défis associés à l\'adoption de l\'informatique en nuage',0,'2024-07-08'),(212,33,'Sécurité dans l\'informatique en nuage','Stratégies et bonnes pratiques pour assurer la sécurité des données et des applications dans l\'informatique en nuage',0,'2024-07-08'),(213,33,'Gestion des performances en nuage','Techniques et outils pour surveiller et optimiser les performances des services en nuage',0,'2024-07-08'),(214,33,'Études de cas en informatique en nuage','Exemples d\'implémentation réussie de solutions en nuage dans divers secteurs et industries',0,'2024-07-08'),(215,34,'Introduction à la virtualisation réseau','Concepts de base et avantages de la virtualisation dans les réseaux informatiques',0,'2024-07-08'),(216,34,'Technologies de virtualisation réseau','Types de technologies et de solutions utilisées pour la virtualisation des réseaux',0,'2024-07-08'),(217,34,'Implémentation de la virtualisation réseau','Stratégies et bonnes pratiques pour implémenter la virtualisation réseau dans les environnements existants',0,'2024-07-08'),(218,34,'Sécurité dans la virtualisation réseau','Considérations de sécurité et meilleures pratiques pour sécuriser les environnements de virtualisation réseau',0,'2024-07-08'),(219,34,'Évolution et tendances de la virtualisation réseau','Analyse des évolutions récentes et des tendances futures dans le domaine de la virtualisation réseau',0,'2024-07-08'),(220,34,'Études de cas de virtualisation réseau','Exemples d\'implémentation réussie de la virtualisation réseau dans des organisations variées',0,'2024-07-08'),(221,35,'Fondamentaux de la sécurité réseau','Principes de base et concepts fondamentaux de la sécurité dans les réseaux informatiques',0,'2024-07-08'),(222,35,'Mécanismes de sécurité réseau','Technologies et mécanismes utilisés pour sécuriser les réseaux informatiques contre les menaces',0,'2024-07-08'),(223,35,'Gestion des identités et des accès','Méthodes et bonnes pratiques pour gérer les identités et les accès dans les environnements réseau',0,'2024-07-08'),(224,35,'Détection et réponse aux incidents','Stratégies et outils pour détecter, analyser et répondre aux incidents de sécurité réseau',0,'2024-07-08'),(225,35,'Audits et conformité en sécurité réseau','Processus d\'audit et exigences de conformité pour assurer la sécurité des réseaux informatiques',0,'2024-07-08'),(226,35,'Études de cas en sécurité réseau','Exemples concrets d\'attaques et de défenses réussies dans le domaine de la sécurité réseau',0,'2024-07-08'),(227,36,'Introduction à l\'automatisation réseau','Concepts fondamentaux et avantages de l\'automatisation dans la gestion des réseaux informatiques',0,'2024-07-08'),(228,36,'Outils d\'automatisation réseau','Principaux outils et technologies utilisés pour automatiser la gestion des réseaux informatiques',0,'2024-07-08'),(229,36,'Programmation des réseaux','Langages et frameworks utilisés pour programmer et automatiser les tâches réseau',0,'2024-07-08'),(230,36,'Intégration continue et déploiement continu','Processus et pratiques pour intégrer l\'automatisation dans les workflows de gestion réseau',0,'2024-07-08'),(231,36,'Sécurité de l\'automatisation réseau','Considérations de sécurité et meilleures pratiques pour sécuriser les processus d\'automatisation réseau',0,'2024-07-08'),(232,36,'Études de cas d\'automatisation réseau','Exemples d\'implémentation réussie d\'automatisation réseau dans des environnements d\'entreprise',0,'2024-07-08'),(233,37,'Introduction à la programmabilité réseau','Concepts de base et avantages de la programmabilité dans la gestion des réseaux informatiques',0,'2024-07-08'),(234,37,'APIs et protocoles de programmabilité réseau','Principaux APIs et protocoles utilisés pour programmer et contrôler les réseaux informatiques',0,'2024-07-08'),(235,37,'Automatisation via la programmabilité réseau','Utilisation de la programmabilité pour automatiser des tâches réseau complexes et répétitives',0,'2024-07-08'),(236,37,'Orchestration de services réseau','Techniques et outils pour orchestrer et automatiser des services réseau à l\'échelle',0,'2024-07-08'),(237,37,'Sécurité de la programmabilité réseau','Considérations de sécurité et meilleures pratiques pour sécuriser les applications de programmabilité réseau',0,'2024-07-08'),(238,37,'Études de cas en programmabilité réseau','Exemples d\'implémentation réussie de solutions basées sur la programmabilité réseau',0,'2024-07-08'),(239,38,'Introduction aux réseaux définis par logiciel (SDN)','Concepts de base et architecture des réseaux définis par logiciel',0,'2024-07-08'),(240,38,'Contrôleurs SDN','Rôles et fonctionnalités des contrôleurs SDN dans la gestion des réseaux programmables',0,'2024-07-08'),(241,38,'Applications et cas d\'utilisation SDN','Exemples d\'applications et de cas d\'utilisation des réseaux définis par logiciel dans différents secteurs',0,'2024-07-08'),(242,38,'Déploiement des réseaux SDN','Stratégies et bonnes pratiques pour le déploiement efficace des réseaux définis par logiciel',0,'2024-07-08'),(243,38,'Sécurité des réseaux SDN','Mesures de sécurité et bonnes pratiques pour protéger les réseaux définis par logiciel contre les cyber-menaces',0,'2024-07-08'),(244,38,'Études de cas des réseaux SDN','Exemples concrets d\'implémentation réussie de réseaux définis par logiciel dans divers scénarios',0,'2024-07-08'),(245,39,'Fondamentaux du réseautage de centre de données','Concepts de base et architectures utilisées pour interconnecter les équipements de centre de données',0,'2024-07-08'),(246,39,'Technologies de réseau pour centre de données','Types de technologies et de solutions utilisées pour optimiser les réseaux de centre de données',0,'2024-07-08'),(247,39,'Conception et planification des réseaux de centre de données','Processus de conception et bonnes pratiques pour planifier efficacement les réseaux de centre de données',0,'2024-07-08'),(248,39,'Sécurité dans les réseaux de centre de données','Mesures de sécurité et stratégies pour protéger les réseaux de centre de données contre les menaces',0,'2024-07-08'),(249,39,'Optimisation des performances en centre de données','Techniques et bonnes pratiques pour optimiser les performances des réseaux dans les centres de données',0,'2024-07-08'),(250,39,'Études de cas en réseautage de centre de données','Exemples d\'implémentation réussie de réseaux de centre de données dans des environnements variés',0,'2024-07-08'),(251,40,'Introduction à l\'Internet des Objets (IoT)','Concepts de base et principes fondamentaux de l\'Internet des Objets (IoT)',0,'2024-07-08'),(252,40,'Architecture de l\'Internet des Objets','Composants et architecture typique des systèmes IoT',0,'2024-07-08'),(253,40,'Protocoles de communication IoT','Principaux protocoles de communication utilisés dans les systèmes IoT',0,'2024-07-08'),(254,40,'Sécurité dans l\'Internet des Objets','Défis de sécurité et meilleures pratiques pour sécuriser les systèmes IoT',0,'2024-07-08'),(255,40,'Intégration et interopérabilité IoT','Stratégies et technologies pour l\'intégration et l\'interopérabilité des systèmes IoT',0,'2024-07-08'),(256,40,'Études de cas en Internet des Objets','Exemples d\'implémentation et de déploiement de systèmes IoT dans divers secteurs',0,'2024-07-08');
/*!40000 ALTER TABLE `chapters` ENABLE KEYS */;
UNLOCK TABLES;
/*!50003 SET @saved_cs_client      = @@character_set_client */ ;
/*!50003 SET @saved_cs_results     = @@character_set_results */ ;
/*!50003 SET @saved_col_connection = @@collation_connection */ ;
/*!50003 SET character_set_client  = utf8mb4 */ ;
/*!50003 SET character_set_results = utf8mb4 */ ;
/*!50003 SET collation_connection  = utf8mb4_general_ci */ ;
/*!50003 SET @saved_sql_mode       = @@sql_mode */ ;
/*!50003 SET sql_mode              = 'NO_AUTO_VALUE_ON_ZERO' */ ;
DELIMITER ;;
/*!50003 CREATE*/ /*!50017 DEFINER=`root`@`localhost`*/ /*!50003 TRIGGER `update_chapter_count` AFTER INSERT ON `chapters` FOR EACH ROW BEGIN
        UPDATE modules
        SET chapter_count = chapter_count + 1
        WHERE _id = NEW.module_id;
    END */;;
DELIMITER ;
/*!50003 SET sql_mode              = @saved_sql_mode */ ;
/*!50003 SET character_set_client  = @saved_cs_client */ ;
/*!50003 SET character_set_results = @saved_cs_results */ ;
/*!50003 SET collation_connection  = @saved_col_connection */ ;
/*!50003 SET @saved_cs_client      = @@character_set_client */ ;
/*!50003 SET @saved_cs_results     = @@character_set_results */ ;
/*!50003 SET @saved_col_connection = @@collation_connection */ ;
/*!50003 SET character_set_client  = utf8mb4 */ ;
/*!50003 SET character_set_results = utf8mb4 */ ;
/*!50003 SET collation_connection  = utf8mb4_general_ci */ ;
/*!50003 SET @saved_sql_mode       = @@sql_mode */ ;
/*!50003 SET sql_mode              = 'NO_AUTO_VALUE_ON_ZERO' */ ;
DELIMITER ;;
/*!50003 CREATE*/ /*!50017 DEFINER=`root`@`localhost`*/ /*!50003 TRIGGER `decrease_chapter_count` AFTER DELETE ON `chapters` FOR EACH ROW BEGIN
        UPDATE modules
        SET chapter_count = chapter_count - 1
        WHERE _id = OLD.module_id;
    END */;;
DELIMITER ;
/*!50003 SET sql_mode              = @saved_sql_mode */ ;
/*!50003 SET character_set_client  = @saved_cs_client */ ;
/*!50003 SET character_set_results = @saved_cs_results */ ;
/*!50003 SET collation_connection  = @saved_col_connection */ ;

--
-- Table structure for table `courses`
--

DROP TABLE IF EXISTS `courses`;
/*!40101 SET @saved_cs_client     = @@character_set_client */;
/*!50503 SET character_set_client = utf8mb4 */;
CREATE TABLE `courses` (
  `_id` int(11) NOT NULL AUTO_INCREMENT,
  `course_name` text DEFAULT NULL,
  `description` text DEFAULT NULL,
  `instructor` text DEFAULT NULL,
  createdAt TIMESTAMP DEFAULT current_timestamp(),
  PRIMARY KEY (`_id`)
) ENGINE=InnoDB AUTO_INCREMENT=21 DEFAULT CHARSET=utf8mb4 COLLATE=utf8mb4_general_ci;
/*!40101 SET character_set_client = @saved_cs_client */;

--
-- Dumping data for table `courses`
--

LOCK TABLES `courses` WRITE;
/*!40000 ALTER TABLE `courses` DISABLE KEYS */;
INSERT INTO `courses` VALUES (1,'CCNA 1','networking fondamentals','0','2024-05-25'),(2,'CCNA 2','introductions to LANs','0','2024-05-25'),(3,'CCNA 3','Routage and WAN protocols','0','2024-05-25'),(4,'CCNA 4','Securite des Resaux','0','2024-05-25');
/*!40000 ALTER TABLE `courses` ENABLE KEYS */;
UNLOCK TABLES;

--
-- Table structure for table `lessons`
--

DROP TABLE IF EXISTS `lessons`;
/*!40101 SET @saved_cs_client     = @@character_set_client */;
/*!50503 SET character_set_client = utf8mb4 */;
CREATE TABLE `lessons` (
  `_id` int(11) NOT NULL AUTO_INCREMENT,
  `chapter_id` int(11) NOT NULL,
  `content` text NOT NULL,
  `type` text NOT NULL,
  `createdAt` TIMESTAMP NOT NULL DEFAULT current_timestamp(),
  PRIMARY KEY (`_id`),
  KEY `fk_lessons_chapters` (`chapter_id`),
  CONSTRAINT `fk_lessons_chapters` FOREIGN KEY (`chapter_id`) REFERENCES `chapters` (`_id`)
) ENGINE=InnoDB AUTO_INCREMENT=11 DEFAULT CHARSET=utf8mb4 COLLATE=utf8mb4_general_ci;
/*!40101 SET character_set_client = @saved_cs_client */;

--
-- Dumping data for table `lessons`
--

LOCK TABLES `lessons` WRITE;
/*!40000 ALTER TABLE `lessons` DISABLE KEYS */;
INSERT INTO `lessons` VALUES (8,1,'http://localhost:7676/resources/1','pdf','2024-06-02'),(9,27,'http://localhost:7676/resources/27','pdf','2024-06-02'),(10,3,'http://localhost:7676/resources/3','pdf','2024-06-02');
/*!40000 ALTER TABLE `lessons` ENABLE KEYS */;
UNLOCK TABLES;

--
-- Table structure for table `modules`
--

DROP TABLE IF EXISTS `modules`;
/*!40101 SET @saved_cs_client     = @@character_set_client */;
/*!50503 SET character_set_client = utf8mb4 */;
CREATE TABLE `modules` (
  `_id` int(11) NOT NULL AUTO_INCREMENT,
  `course_id` int(11) DEFAULT NULL,
  `description` text DEFAULT NULL,
  `title` text DEFAULT NULL,
  `order_num` int(11) DEFAULT NULL,
  createdAt TIMESTAMP DEFAULT current_timestamp(),
  `chapter_count` int(11) DEFAULT 0,
  PRIMARY KEY (`_id`),
  KEY `fk_course_id` (`course_id`),
  CONSTRAINT `fk_course_id` FOREIGN KEY (`course_id`) REFERENCES `courses` (`_id`)
) ENGINE=InnoDB AUTO_INCREMENT=52 DEFAULT CHARSET=utf8mb4 COLLATE=utf8mb4_general_ci;
/*!40101 SET character_set_client = @saved_cs_client */;

--
-- Dumping data for table `modules`
--

LOCK TABLES `modules` WRITE;
/*!40000 ALTER TABLE `modules` DISABLE KEYS */;
INSERT INTO `modules` VALUES (1,1,'Concepts fondamentaux des réseaux informatiques.','Introduction aux Réseaux',1,'2024-05-25',11),(2,1,'Principes de base des réseaux de communication.','Fondamentaux du Réseautage',2,'2024-05-25',10),(3,1,'Compréhension du modèle de référence OSI.','Modèle OSI',3,'2024-05-25',8),(4,1,'Fonctionnement du modèle TCP/IP.','Modèle TCP/IP',4,'2024-05-25',8),(5,1,'Technologies et protocoles Ethernet.','LAN Ethernet',5,'2024-05-25',2),(6,1,'Utilisation et configuration des adresses IPv4.','Adressage IPv4',6,'2024-05-25',4),(7,1,'Techniques de subdivision de réseaux IPv4.','Subdivision des Réseaux IP',7,'2024-05-25',6),(8,1,'Technologies et configurations des réseaux sans fil.','LAN sans fil',8,'2024-05-25',6),(9,1,'Principes de base de la sécurité des réseaux.','Fondamentaux de la Sécurité Réseau',9,'2024-05-25',6),(10,1,'Configuration initiale des routeurs Cisco.','Configuration de Base des Routeurs',10,'2024-05-25',6),(11,2,'Principes de base du routage et de la commutation.','Introduction au Routage et à la Commutation',1,'2024-05-25',9),(12,2,'Compréhension des concepts de routage.','Concepts de Routage',2,'2024-05-25',6),(13,2,'Configuration et utilisation du routage statique.','Routage Statique',3,'2024-05-25',6),(14,2,'Utilisation des protocoles de routage dynamique.','Protocoles de Routage Dynamique',4,'2024-05-25',6),(15,2,'Principes fondamentaux de la commutation de paquets.','Concepts de Commutation',5,'2024-05-25',6),(16,2,'Configuration des commutateurs Cisco.','Configuration des Commutateurs',6,'2024-05-25',6),(17,2,'Configuration et gestion des VLANs et tronçons.','VLANs et Tronçons',7,'2024-05-25',6),(18,2,'Mise en place et configuration des ACL.','Listes de Contrôle d\'Accès',8,'2024-05-25',6),(19,2,'Fonctionnement et configuration des services DHCP et DNS.','DHCP et DNS',9,'2024-05-25',6),(20,2,'Configuration de la translation d\'adresses réseau.','Traduction d\'Adresse Réseau',10,'2024-05-25',6),(21,3,'Mise à l\'échelle des réseaux d\'entreprise.','Mise à l\'Échelle des Réseaux',1,'2024-05-25',6),(22,3,'Mise en place de redondance dans les réseaux locaux.','Redondance LAN',2,'2024-05-25',6),(23,3,'Compréhension des concepts de WAN.','Concepts WAN',3,'2024-05-25',6),(24,3,'Exploration des technologies WAN.','Technologies WAN',4,'2024-05-25',6),(25,3,'Examen approfondi des concepts de routage.','Concepts de Routage',5,'2024-05-25',6),(26,3,'Configuration et dépannage d\'EIGRP.','EIGRP',6,'2024-05-25',6),(27,3,'Configuration et dépannage d\'OSPF.','OSPF',7,'2024-05-25',6),(28,3,'Migration et configuration IPv6.','IPv6',8,'2024-05-25',6),(29,3,'Techniques de dépannage des réseaux.','Dépannage Réseau',9,'2024-05-25',6),(30,3,'Gestion et surveillance des réseaux informatiques.','Gestion Réseau',10,'2024-05-25',6),(31,4,'Interconnexion des réseaux.','Connexion des Réseaux',1,'2024-05-25',6),(32,4,'Exploration des réseaux étendus.','Réseaux Étendus',2,'2024-05-25',6),(33,4,'Concepts et services informatiques en nuage.','Informatique en Nuage',3,'2024-05-25',6),(34,4,'Implémentation de la virtualisation des réseaux.','Virtualisation Réseau',4,'2024-05-25',6),(35,4,'Sécurité des réseaux et des données.','Sécurité Réseau',5,'2024-05-25',6),(36,4,'Automatisation des tâches réseau.','Automatisation Réseau',6,'2024-05-25',6),(37,4,'Utilisation de l\'API pour la programmabilité réseau.','Programmabilité Réseau',7,'2024-05-25',6),(38,4,'Introduction aux réseaux définis par logiciel (SDN).','Réseaux Définis par Logiciel',8,'2024-05-25',6),(39,4,'Conception et mise en œuvre de réseaux de centre de données.','Réseautage de Centre de Données',9,'2024-05-25',6),(40,4,'Applications et services de l\'Internet des Objets (IoT).','Internet des Objets',10,'2024-05-25',6);
/*!40000 ALTER TABLE `modules` ENABLE KEYS */;
UNLOCK TABLES;

--
-- Table structure for table `progression`
--

DROP TABLE IF EXISTS `progression`;
/*!40101 SET @saved_cs_client     = @@character_set_client */;
/*!50503 SET character_set_client = utf8mb4 */;
CREATE TABLE `progression` (
  `_id` int(11) NOT NULL AUTO_INCREMENT,
  `chapter_id` int(11) NOT NULL,
  `Completed_quizGroup` int(11) NOT NULL,
  `createdAt` TIMESTAMP NOT NULL DEFAULT current_timestamp(),
  `user_id` int(11) NOT NULL,
  PRIMARY KEY (`_id`),
  UNIQUE KEY `unique_progression_entry` (`chapter_id`,`Completed_quizGroup`,`user_id`)
) ENGINE=InnoDB AUTO_INCREMENT=98 DEFAULT CHARSET=utf8mb4 COLLATE=utf8mb4_general_ci;
/*!40101 SET character_set_client = @saved_cs_client */;

--
-- Dumping data for table `progression`
--

LOCK TABLES `progression` WRITE;
/*!40000 ALTER TABLE `progression` DISABLE KEYS */;
INSERT INTO `progression` VALUES (93,1,0,'2024-06-12',3),(94,1,1,'2024-06-12',3),(95,1,0,'2024-06-26',20),(96,1,1,'2024-07-01',20),(97,1,2,'2024-07-01',20);
/*!40000 ALTER TABLE `progression` ENABLE KEYS */;
UNLOCK TABLES;

--
-- Table structure for table `quiz`
--

DROP TABLE IF EXISTS `quiz`;
/*!40101 SET @saved_cs_client     = @@character_set_client */;
/*!50503 SET character_set_client = utf8mb4 */;
CREATE TABLE `quiz` (
  `_id` int(11) NOT NULL AUTO_INCREMENT,
  `chapter_id` int(11) DEFAULT NULL,
  `question` text DEFAULT NULL,
  `answers` text DEFAULT NULL,
  `correct_answer` text DEFAULT NULL,
  `quiz_group` int(11) DEFAULT NULL,
  `module_id` int(11) DEFAULT NULL,
  createdAt TIMESTAMP DEFAULT current_timestamp(),
  PRIMARY KEY (`_id`),
  KEY `fk_chapter_id` (`chapter_id`),
  KEY `fk_module_quiz_id` (`module_id`),
  CONSTRAINT `fk_chapter_id` FOREIGN KEY (`chapter_id`) REFERENCES `chapters` (`_id`),
  CONSTRAINT `fk_module_quiz_id` FOREIGN KEY (`module_id`) REFERENCES `modules` (`_id`)
) ENGINE=InnoDB AUTO_INCREMENT=113 DEFAULT CHARSET=utf8mb4 COLLATE=utf8mb4_general_ci;
/*!40101 SET character_set_client = @saved_cs_client */;

--
-- Dumping data for table `quiz`
--

LOCK TABLES `quiz` WRITE;
/*!40000 ALTER TABLE `quiz` DISABLE KEYS */;
INSERT INTO `quiz` VALUES (40,1,'Quel événement marque le début du développement des réseaux informatiques modernes','[\"L\'invention du premier ordinateur personnel\",\"La création d\'ARPANET\",\"La fondation de Microsoft Corporation\",\"La publication des premiers standards Ethernet\",\"L\'introduction du protocole TCP/IP\",\"La mise en place du World Wide Web (WWW)\"]','La création d\'ARPANET',0,1,'2024-07-08'),(41,1,'Quelle technologie a remplacé ARPANET et est devenue l\'Internet moderne ?','[\"Token Ring\",\"Ethernet\",\"FDDI\",\"X.25\",\"ATM\",\"Frame Relay\"]','Ethernet',0,1,'2024-07-08'),(42,1,'Quel événement a marqué l\'expansion rapide de l\'Internet dans les années 1990 ?','[\"La fondation de Cisco Systems\",\"La création du navigateur Netscape Navigator\",\"L\'introduction du protocole HTTP\",\"La commercialisation des modems haut débit\",\"La création du premier réseau social en ligne\",\"L\'adoption généralisée des routeurs Cisco\"]','La création du navigateur Netscape Navigator',0,1,'2024-07-08'),(43,2,'Quel type de réseau est principalement utilisé pour connecter des ordinateurs dans un même bâtiment ou campus ?','[\"Réseau local (LAN)\",\"Réseau étendu (WAN)\",\"Réseau personnel (PAN)\",\"Réseau métropolitain (MAN)\",\"Réseau sans fil (WLAN)\",\"Réseau optique (SONET)\"]','Réseau local (LAN)',0,1,'2024-07-08'),(44,2,'Quel type de réseau couvre une grande zone géographique et peut être composé de plusieurs réseaux locaux interconnectés ?','[\"Réseau local (LAN)\",\"Réseau étendu (WAN)\",\"Réseau personnel (PAN)\",\"Réseau métropolitain (MAN)\",\"Réseau sans fil (WLAN)\",\"Réseau optique (SONET)\"]','Réseau étendu (WAN)',0,1,'2024-07-08'),(45,2,'Quel type de réseau est conçu pour relier des périphériques personnels à courte distance, tels que des smartphones à des écouteurs sans fil ?','[\"Réseau local (LAN)\",\"Réseau étendu (WAN)\",\"Réseau personnel (PAN)\",\"Réseau métropolitain (MAN)\",\"Réseau sans fil (WLAN)\",\"Réseau optique (SONET)\"]','Réseau personnel (PAN)',0,1,'2024-07-08'),(46,3,'Quel composant d\'un réseau informatique est responsable de la distribution des adresses IP aux périphériques connectés ?','[\"Switch\",\"Routeur\",\"Modem\",\"Serveur DNS\",\"Serveur DHCP\",\"Firewall\"]','Serveur DHCP',0,1,'2024-07-08'),(47,3,'Quel composant permet à plusieurs périphériques de se connecter à un réseau en utilisant des câbles Ethernet ?','[\"Routeur\",\"Switch\",\"Modem\",\"Hub\",\"Firewall\",\"Bridge\"]','Switch',0,1,'2024-07-08'),(48,3,'Quel composant d\'un réseau permet de filtrer le trafic entrant et sortant pour assurer la sécurité du réseau ?','[\"Switch\",\"Routeur\",\"Modem\",\"Serveur DNS\",\"Serveur DHCP\",\"Firewall\"]','Firewall',0,1,'2024-07-08'),(49,4,'Quelle topologie de réseau utilise un câble unique pour connecter tous les périphériques dans une boucle fermée ?','[\"Topologie en bus\",\"Topologie en étoile\",\"Topologie en anneau\",\"Topologie en arbre\",\"Topologie maillée\",\"Topologie hybride\"]','Topologie en anneau',0,1,'2024-07-08'),(50,4,'Quelle topologie de réseau utilise un concentrateur central pour connecter tous les périphériques ?','[\"Topologie en bus\",\"Topologie en étoile\",\"Topologie en anneau\",\"Topologie en arbre\",\"Topologie maillée\",\"Topologie hybride\"]','Topologie en étoile',0,1,'2024-07-08'),(51,4,'Quelle topologie de réseau combine plusieurs topologies pour créer une structure plus complexe et robuste ?','[\"Topologie en bus\",\"Topologie en étoile\",\"Topologie en anneau\",\"Topologie en arbre\",\"Topologie maillée\",\"Topologie hybride\"]','Topologie hybride',0,1,'2024-07-08'),(52,5,'Quel modèle de communication définit un processus où l\'expéditeur et le destinataire alternent les rôles de source et de destination des messages ?','[\"Modèle de communication unidirectionnel\",\"Modèle de communication bidirectionnel\",\"Modèle de communication multipoint\",\"Modèle de communication de groupe\",\"Modèle de communication asynchrone\",\"Modèle de communication synchrone\"]','Modèle de communication bidirectionnel',0,1,'2024-07-08'),(53,5,'Quel modèle de communication implique plusieurs destinataires pour un message unique envoyé par l\'expéditeur ?','[\"Modèle de communication unidirectionnel\",\"Modèle de communication bidirectionnel\",\"Modèle de communication multipoint\",\"Modèle de communication de groupe\",\"Modèle de communication asynchrone\",\"Modèle de communication synchrone\"]','Modèle de communication multipoint',0,1,'2024-07-08'),(54,5,'Quel modèle de communication se produit lorsque les participants communiquent en temps réel sans délai perceptible ?','[\"Modèle de communication unidirectionnel\",\"Modèle de communication bidirectionnel\",\"Modèle de communication multipoint\",\"Modèle de communication de groupe\",\"Modèle de communication asynchrone\",\"Modèle de communication synchrone\"]','Modèle de communication synchrone',0,1,'2024-07-08'),(55,6,'Quel protocole de réseau est principalement utilisé pour l\'acheminement des paquets sur Internet ?','[\"Protocole TCP (Transmission Control Protocol)\",\"Protocole UDP (User Datagram Protocol)\",\"Protocole IPX (Internetwork Packet Exchange)\",\"Protocole ICMP (Internet Control Message Protocol)\",\"Protocole FTP (File Transfer Protocol)\",\"Protocole IP (Internet Protocol)\"]','Protocole IP (Internet Protocol)',0,1,'2024-07-08'),(56,6,'Quel protocole réseau est utilisé pour la transmission de données sans garantie de livraison ou d\'ordre ?','[\"Protocole TCP (Transmission Control Protocol)\",\"Protocole UDP (User Datagram Protocol)\",\"Protocole IPX (Internetwork Packet Exchange)\",\"Protocole ICMP (Internet Control Message Protocol)\",\"Protocole FTP (File Transfer Protocol)\",\"Protocole IP (Internet Protocol)\"]','Protocole UDP (User Datagram Protocol)',0,1,'2024-07-08'),(57,6,'Quel protocole réseau est utilisé pour garantir une transmission fiable de données avec contrôle de flux et retransmission en cas de perte ?','[\"Protocole TCP (Transmission Control Protocol)\",\"Protocole UDP (User Datagram Protocol)\",\"Protocole IPX (Internetwork Packet Exchange)\",\"Protocole ICMP (Internet Control Message Protocol)\",\"Protocole FTP (File Transfer Protocol)\",\"Protocole IP (Internet Protocol)\"]','Protocole TCP (Transmission Control Protocol)',0,1,'2024-07-08'),(58,7,'Dans l\'architecture client-serveur, quel rôle le serveur joue-t-il principalement ?','[\"Recevoir des services ou des ressources des clients\",\"Fournir des services ou des ressources aux clients\",\"Coordonner les communications entre les clients\",\"Contrôler l\'accès des clients au réseau\",\"Gérer les adresses IP des clients\",\"Sauvegarder les données des clients\"]','Fournir des services ou des ressources aux clients',0,1,'2024-07-08'),(59,7,'Quel terme désigne un programme ou un dispositif qui demande des services à un serveur dans une architecture client-serveur ?','[\"Client\",\"Serveur\",\"Hôte\",\"Proxy\",\"Routeur\",\"Modem\"]','Client',0,1,'2024-07-08'),(60,7,'Quel avantage principal l\'architecture client-serveur offre-t-elle par rapport à une architecture peer-to-peer ?','[\"Simplicité de configuration\",\"Évolutivité facile\",\"Centralisation du contrôle et des ressources\",\"Partage égal des ressources\",\"Indépendance par rapport à un serveur central\",\"Sécurité améliorée\"]','Centralisation du contrôle et des ressources',0,1,'2024-07-08'),(61,8,'Quelle méthode de sécurité réseau est utilisée pour vérifier l\'identité des utilisateurs et restreindre l\'accès aux ressources ?','[\"Firewall\",\"Cryptographie\",\"Authentification\",\"Sécurité physique\",\"Sécurité par obscurité\",\"Sécurité par segmentation\"]','Authentification',0,1,'2024-07-08'),(62,8,'Quel type d\'attaque réseau utilise des paquets malveillants pour bloquer ou ralentir les performances du réseau ?','[\"Phishing\",\"Ingénierie sociale\",\"Déni de service (DDoS)\",\"Exploitation de logiciels\",\"Attaque par force brute\",\"Spoofing\"]','Déni de service (DDoS)',0,1,'2024-07-08'),(63,8,'Quel mécanisme de sécurité réseau utilise des clés pour chiffrer et déchiffrer les données afin de garantir la confidentialité ?','[\"Pare-feu (Firewall)\",\"Authentification\",\"Cryptographie\",\"Sécurité physique\",\"Sécurité par obscurité\",\"Sécurité par segmentation\"]','Cryptographie',0,1,'2024-07-08'),(64,9,'Quel processus d\'administration réseau implique la gestion des adresses IP, des noms d\'hôte et des ressources partagées ?','[\"Surveillance du réseau\",\"Dépannage du réseau\",\"Gestion de la sécurité\",\"Gestion de la configuration\",\"Planification du réseau\",\"Optimisation des performances\"]','Gestion de la configuration',0,1,'2024-07-08'),(65,9,'Quel outil d\'administration réseau permet de tester la connectivité entre deux périphériques en envoyant des paquets et en vérifiant les réponses ?','[\"Tracert\",\"Netstat\",\"Ping\",\"Nslookup\",\"Telnet\",\"SNMP\"]','Ping',0,1,'2024-07-08'),(66,9,'Quel processus d\'administration réseau vise à identifier et à corriger les problèmes de performance, de capacité ou de fiabilité du réseau ?','[\"Surveillance du réseau\",\"Dépannage du réseau\",\"Optimisation des performances\",\"Gestion de la configuration\",\"Planification du réseau\",\"Gestion de la sécurité\"]','Optimisation des performances',0,1,'2024-07-08'),(67,10,'Quelle technologie réseau sans fil permet des vitesses de transmission de données extrêmement élevées et une faible latence ?','[\"Bluetooth 5.0\",\"Wi-Fi 5 (802.11ac)\",\"Wi-Fi 6 (802.11ax)\",\"LTE Advanced\",\"5G\",\"NFC (Near Field Communication)\"]','Wi-Fi 6 (802.11ax)',0,1,'2024-07-08'),(68,10,'Quelle technologie de réseau émergeante vise à créer des réseaux décentralisés et autonomes utilisant la blockchain ?','[\"Edge Computing\",\"Réseaux décentralisés (Blockchain)\",\"Virtualisation des fonctions réseau (NFV)\",\"SD-WAN (Software-Defined WAN)\",\"IoT (Internet of Things)\",\"IPv6\"]','Réseaux décentralisés (Blockchain)',0,1,'2024-07-08'),(69,10,'Quelle technologie réseau permet de créer des réseaux privés virtuels sécurisés sur des réseaux publics comme Internet ?','[\"SDN (Software-Defined Networking)\",\"VPN (Virtual Private Network)\",\"Edge Computing\",\"Wi-Fi 6 (802.11ax)\",\"5G\",\"IPv6\"]','VPN (Virtual Private Network)',0,1,'2024-07-08'),(70,11,'Quel modèle de communication implique une transmission de données dans une seule direction, de l\'expéditeur au destinataire, sans retour direct de ce dernier vers l\'expéditeur ?','[\"Modèle de communication unidirectionnel\",\"Modèle de communication bidirectionnel\",\"Modèle de communication multipoint\",\"Modèle de communication synchrone\",\"Modèle de communication asynchrone\",\"Modèle de communication de groupe\"]','Modèle de communication unidirectionnel',NULL,1,'2024-07-08'),(71,11,'Quel modèle de communication permet une interaction simultanée entre l\'expéditeur et le destinataire, où les deux parties peuvent envoyer et recevoir des informations ?','[\"Modèle de communication unidirectionnel\",\"Modèle de communication bidirectionnel\",\"Modèle de communication multipoint\",\"Modèle de communication synchrone\",\"Modèle de communication asynchrone\",\"Modèle de communication de groupe\"]','Modèle de communication bidirectionnel',NULL,1,'2024-07-08'),(72,11,'Quel modèle de communication se produit lorsque plusieurs destinataires reçoivent simultanément le même message d\'un expéditeur unique ?','[\"Modèle de communication unidirectionnel\",\"Modèle de communication bidirectionnel\",\"Modèle de communication multipoint\",\"Modèle de communication synchrone\",\"Modèle de communication asynchrone\",\"Modèle de communication de groupe\"]','Modèle de communication multipoint',NULL,1,'2024-07-08'),(73,12,'Quel type de média de transmission utilise principalement des câbles en cuivre pour transmettre des signaux électriques entre les périphériques ?','[\"Fibre optique\",\"Câble coaxial\",\"Ondes radio\",\"Satellite\",\"Wi-Fi\",\"Bluetooth\"]','Câble coaxial',NULL,1,'2024-07-08'),(74,12,'Quel type de média de transmission utilise des impulsions lumineuses pour transporter des données à grande vitesse sur de longues distances ?','[\"Fibre optique\",\"Câble coaxial\",\"Ondes radio\",\"Satellite\",\"Wi-Fi\",\"Bluetooth\"]','Fibre optique',NULL,1,'2024-07-08'),(75,12,'Quel type de média de transmission utilise l\'atmosphère pour transmettre des signaux à travers des ondes électromagnétiques ?','[\"Fibre optique\",\"Câble coaxial\",\"Ondes radio\",\"Satellite\",\"Wi-Fi\",\"Bluetooth\"]','Ondes radio',NULL,1,'2024-07-08'),(76,13,'Quel protocole de communication est largement utilisé pour la transmission de pages web, de courriels et d\'autres données sur Internet ?','[\"TCP (Transmission Control Protocol)\",\"UDP (User Datagram Protocol)\",\"FTP (File Transfer Protocol)\",\"SMTP (Simple Mail Transfer Protocol)\",\"HTTP (Hypertext Transfer Protocol)\",\"DNS (Domain Name System)\"]','HTTP (Hypertext Transfer Protocol)',NULL,1,'2024-07-08'),(77,13,'Quel protocole est utilisé pour l\'envoi et la réception de courriels sur Internet ?','[\"TCP (Transmission Control Protocol)\",\"UDP (User Datagram Protocol)\",\"FTP (File Transfer Protocol)\",\"SMTP (Simple Mail Transfer Protocol)\",\"HTTP (Hypertext Transfer Protocol)\",\"DNS (Domain Name System)\"]','SMTP (Simple Mail Transfer Protocol)',NULL,1,'2024-07-08'),(78,13,'Quel protocole est utilisé pour traduire les noms de domaine en adresses IP sur Internet ?','[\"TCP (Transmission Control Protocol)\",\"UDP (User Datagram Protocol)\",\"FTP (File Transfer Protocol)\",\"SMTP (Simple Mail Transfer Protocol)\",\"HTTP (Hypertext Transfer Protocol)\",\"DNS (Domain Name System)\"]','DNS (Domain Name System)',NULL,1,'2024-07-08'),(79,14,'Quel équipement réseau est utilisé pour connecter plusieurs périphériques sur un même réseau en utilisant des câbles Ethernet ?','[\"Router\",\"Switch\",\"Hub\",\"Bridge\",\"Modem\",\"Access Point\"]','Switch',NULL,1,'2024-07-08'),(80,14,'Quel équipement réseau est utilisé pour connecter différents réseaux ensemble, souvent utilisé pour connecter un réseau domestique à Internet ?','[\"Router\",\"Switch\",\"Hub\",\"Bridge\",\"Modem\",\"Access Point\"]','Router',NULL,1,'2024-07-08'),(81,14,'Quel équipement réseau est utilisé pour étendre la portée d\'un réseau sans fil en connectant des périphériques sans fil à un réseau câblé ?','[\"Router\",\"Switch\",\"Hub\",\"Bridge\",\"Modem\",\"Access Point\"]','Access Point',NULL,1,'2024-07-08'),(82,15,'Quelle partie de l\'adresse IP identifie un réseau spécifique sur Internet ?','[\"Adresse réseau\",\"Adresse de diffusion\",\"Adresse IP publique\",\"Adresse IP privée\",\"Masque de sous-réseau\",\"Adresse de passerelle\"]','Adresse réseau',NULL,1,'2024-07-08'),(83,15,'Quelle partie de l\'adresse IP identifie un périphérique spécifique sur un réseau local ?','[\"Adresse réseau\",\"Adresse de diffusion\",\"Adresse IP publique\",\"Adresse IP privée\",\"Masque de sous-réseau\",\"Adresse hôte\"]','Adresse hôte',NULL,1,'2024-07-08'),(84,15,'Quel élément d\'un réseau est utilisé pour délimiter la partie réseau et la partie hôte dans une adresse IP ?','[\"Adresse réseau\",\"Adresse de diffusion\",\"Adresse IP publique\",\"Adresse IP privée\",\"Masque de sous-réseau\",\"Adresse de passerelle\"]','Masque de sous-réseau',NULL,1,'2024-07-08'),(85,16,'Quel type d\'adresse IP est souvent utilisé pour accéder à l\'interface de gestion d\'un routeur ?','[\"Adresse IP publique\",\"Adresse IP privée\",\"Adresse de diffusion\",\"Adresse réseau\",\"Masque de sous-réseau\",\"Adresse de passerelle\"]','Adresse IP privée',NULL,1,'2024-07-08'),(86,16,'Quel protocole est couramment utilisé pour configurer un routeur à distance de manière sécurisée ?','[\"HTTP (Hypertext Transfer Protocol)\",\"FTP (File Transfer Protocol)\",\"Telnet\",\"SSH (Secure Shell)\",\"SMTP (Simple Mail Transfer Protocol)\",\"SNMP (Simple Network Management Protocol)\"]','SSH (Secure Shell)',NULL,1,'2024-07-08'),(87,17,'Quel équipement réseau est principalement utilisé pour connecter plusieurs périphériques sur un même réseau local en utilisant des ports Ethernet ?','[\"Routeur (Router)\",\"Commutateur (Switch)\",\"Hub\",\"Modem\",\"Point d\'accès (Access Point)\",\"Bridge\"]','Commutateur (Switch)',NULL,1,'2024-07-08'),(88,17,'Quelle est la principale différence entre un commutateur et un hub dans un réseau local ?','[\"Un commutateur fournit une connexion sans fil, tandis qu\'un hub utilise des câbles Ethernet.\",\"Un commutateur peut gérer plusieurs sous-réseaux, tandis qu\'un hub est limité à un seul sous-réseau.\",\"Un commutateur a une capacité de transmission plus rapide que celle d\'un hub.\",\"Un commutateur transmet des données uniquement aux destinataires appropriés, tandis qu\'un hub transmet des données à tous les périphériques connectés.\",\"Un commutateur est utilisé pour connecter des réseaux différents, tandis qu\'un hub est utilisé pour des réseaux identiques.\",\"Un commutateur est généralement moins cher qu\'un hub pour des performances similaires.\"]','Un commutateur transmet des données uniquement aux destinataires appropriés, tandis qu\'un hub transmet des données à tous les périphériques connectés.',NULL,1,'2024-07-08'),(89,18,'Quel paramètre est essentiel pour configurer un point d\'accès sans fil (Wi-Fi) afin de sécuriser le réseau ?','[\"Adresse IP publique\",\"Adresse MAC\",\"SSID (Service Set Identifier)\",\"Adresse de diffusion\",\"Masque de sous-réseau\",\"Adresse de passerelle\"]','SSID (Service Set Identifier)',NULL,1,'2024-07-08'),(90,18,'Quelle technologie permet à un point d\'accès sans fil (Wi-Fi) de diffuser le même réseau sans fil sur plusieurs appareils ?','[\"Roaming\",\"Tunneling\",\"Caching\",\"Encryption\",\"ARP (Address Resolution Protocol)\",\"PPTP (Point-to-Point Tunneling Protocol)\"]','Roaming',NULL,1,'2024-07-08'),(91,19,'Qu\'est-ce qu\'un VLAN (Virtual LAN) dans un réseau informatique ?','[\"Un VLAN est une technologie qui permet de connecter plusieurs réseaux locaux via Internet.\",\"Un VLAN est une configuration réseau qui permet de relier un réseau sans fil à un réseau câblé.\",\"Un VLAN est une configuration réseau qui augmente la vitesse de transmission des données.\",\"Un VLAN est un service réseau qui sécurise les connexions via un tunnel crypté.\",\"Un VLAN est un service réseau qui assure la redondance des données pour une haute disponibilité.\",\"Un VLAN est un groupe logique de périphériques réseau qui partagent les mêmes besoins de communication, indépendamment de leur emplacement physique.\"]','Un VLAN est un groupe logique de périphériques réseau qui partagent les mêmes besoins de communication, indépendamment de leur emplacement physique.',NULL,1,'2024-07-08'),(92,19,'Quel avantage offre l\'utilisation des VLAN dans un réseau d\'entreprise ?','[\"Augmentation de la vitesse de transmission des données.\",\"Réduction du coût total de possession du réseau.\",\"Compatibilité accrue avec les réseaux sans fil.\",\"Simplification de la configuration des routeurs.\",\"Segmentation du réseau pour une meilleure sécurité et gestion des ressources.\",\"Support de nouvelles technologies réseau comme IPv6.\"]','Segmentation du réseau pour une meilleure sécurité et gestion des ressources.',NULL,1,'2024-07-08'),(93,20,'Quel est l\'objectif principal des mesures de sécurité réseau dans un environnement informatique ?','[\"Accélérer la vitesse de transmission des données.\",\"Réduire les coûts d\'exploitation du réseau.\",\"Améliorer la compatibilité des périphériques réseau.\",\"Simplifier la gestion des adresses IP.\",\"Protéger les données et les ressources contre les accès non autorisés et les attaques malveillantes.\",\"Assurer la compatibilité avec les anciennes versions de protocoles réseau.\"]','Protéger les données et les ressources contre les accès non autorisés et les attaques malveillantes.',NULL,1,'2024-07-08'),(94,20,'Quelles sont les principales menaces contre la sécurité réseau ?','[\"Pannes matérielles, erreurs de configuration, congestion du réseau.\",\"Interférences électromagnétiques, problèmes d\'alignement des antennes.\",\"Cryptographie faible, clés de chiffrement obsolètes, vulnérabilités logicielles.\",\"Virus informatiques, piratage, attaques par déni de service (DDoS), ingénierie sociale.\",\"Ralentissement des performances réseau, faible qualité des services (QoS), latence élevée.\",\"Mise à jour des logiciels, gestion des utilisateurs, capacité de stockage insuffisante.\"]','Virus informatiques, piratage, attaques par déni de service (DDoS), ingénierie sociale.',NULL,1,'2024-07-08'),(95,21,'Quel est le rôle principal d\'un protocole de routage dans un réseau informatique ?','[\"Transférer des données entre différents périphériques sur le même réseau\",\"Filtrer les données entrantes pour bloquer les attaques malveillantes\",\"Crypter les données pour une transmission sécurisée\",\"Contrôler l\'accès des utilisateurs au réseau\",\"Déterminer le meilleur chemin pour transmettre des données entre les réseaux\",\"Convertir des adresses IP publiques en adresses IP privées\"]','Déterminer le meilleur chemin pour transmettre des données entre les réseaux',NULL,1,'2024-07-08'),(96,21,'Quel type d\'information un routeur utilise-t-il pour prendre des décisions de routage et transférer des données entre les réseaux ?','[\"Table ARP (Address Resolution Protocol)\",\"Table de commutation\",\"Table de redirection\",\"Table DNS (Domain Name System)\",\"Table de routage\",\"Table de traduction d\'adresses\"]','Table de routage',NULL,1,'2024-07-08'),(97,22,'Quel est le principal avantage de la commutation par rapport au pontage dans un réseau local ?','[\"Le pontage permet une connectivité sans fil, tandis que la commutation est limitée aux câbles Ethernet\",\"La commutation réduit les coûts d\'infrastructure en utilisant moins de périphériques intermédiaires\",\"La commutation permet une gestion centralisée des adresses IP, tandis que le pontage utilise des adresses MAC\",\"La commutation offre des performances de transmission plus rapides en utilisant des adresses MAC\",\"Le pontage permet une extension facile du réseau local en connectant plusieurs réseaux\",\"La commutation permet une compatibilité accrue avec les technologies sans fil, comme le Wi-Fi\"]','La commutation offre des performances de transmission plus rapides en utilisant des adresses MAC',NULL,1,'2024-07-08'),(98,22,'Quel équipement réseau est spécifiquement conçu pour effectuer la commutation de paquets de données entre différents périphériques sur un réseau local ?','[\"Routeur (Router)\",\"Hub\",\"Modem\",\"Pont (Bridge)\",\"Commutateur (Switch)\",\"Point d\'accès (Access Point)\"]','Commutateur (Switch)',NULL,1,'2024-07-08'),(99,23,'Quel type de routeur est conçu pour être utilisé par les fournisseurs de services Internet (ISP) pour connecter de nombreux clients à Internet ?','[\"Routeur d\'accès (Access Router)\",\"Routeur central (Core Router)\",\"Routeur de distribution (Distribution Router)\",\"Routeur de périphérie (Edge Router)\",\"Routeur sans fil (Wireless Router)\",\"Routeur VPN (VPN Router)\"]','Routeur de périphérie (Edge Router)',NULL,1,'2024-07-08'),(100,23,'Quel type de routeur est généralement utilisé pour interconnecter différents réseaux internes au sein d\'une organisation ?','[\"Routeur d\'accès (Access Router)\",\"Routeur de périphérie (Edge Router)\",\"Routeur central (Core Router)\",\"Routeur de distribution (Distribution Router)\",\"Routeur sans fil (Wireless Router)\",\"Routeur VPN (VPN Router)\"]','Routeur d\'accès (Access Router)',NULL,1,'2024-07-08'),(101,24,'Quelle est la principale fonction d\'un commutateur dans un réseau informatique ?','[\"Filtrer les données entrantes pour bloquer les attaques malveillantes\",\"Crypter les données pour une transmission sécurisée\",\"Contrôler l\'accès des utilisateurs au réseau\",\"Convertir des adresses IP publiques en adresses IP privées\",\"Transférer des données entre les périphériques connectés en utilisant des adresses MAC\",\"Convertir des adresses MAC en adresses IP\"]','Transférer des données entre les périphériques connectés en utilisant des adresses MAC',NULL,1,'2024-07-08'),(102,24,'Quelle est la principale différence entre un commutateur et un hub dans un réseau local ?','[\"Un commutateur fournit une connexion sans fil, tandis qu\'un hub utilise des câbles Ethernet.\",\"Un commutateur peut gérer plusieurs sous-réseaux, tandis qu\'un hub est limité à un seul sous-réseau.\",\"Un commutateur a une capacité de transmission plus rapide que celle d\'un hub.\",\"Un commutateur transmet des données uniquement aux destinataires appropriés, tandis qu\'un hub transmet des données à tous les périphériques connectés.\",\"Un commutateur est utilisé pour connecter des réseaux différents, tandis qu\'un hub est utilisé pour des réseaux identiques.\",\"Un commutateur est généralement moins cher qu\'un hub pour des performances similaires.\"]','Un commutateur transmet des données uniquement aux destinataires appropriés, tandis qu\'un hub transmet des données à tous les périphériques connectés.',NULL,1,'2024-07-08'),(103,25,'Quel protocole de routage utilise des informations de routage statique configurées manuellement par un administrateur réseau ?','[\"OSPF (Open Shortest Path First)\",\"BGP (Border Gateway Protocol)\",\"EIGRP (Enhanced Interior Gateway Routing Protocol)\",\"RIP (Routing Information Protocol)\",\"ISIS (Intermediate System to Intermediate System)\",\"RIPv2 (Routing Information Protocol version 2)\"]','RIP (Routing Information Protocol)',NULL,1,'2024-07-08'),(104,25,'Quel protocole de routage est principalement utilisé à l\'intérieur d\'un seul système autonome (AS) sur Internet pour déterminer les meilleures routes ?','[\"RIP (Routing Information Protocol)\",\"OSPF (Open Shortest Path First)\",\"BGP (Border Gateway Protocol)\",\"EIGRP (Enhanced Interior Gateway Routing Protocol)\",\"ISIS (Intermediate System to Intermediate System)\",\"RIPv2 (Routing Information Protocol version 2)\"]','OSPF (Open Shortest Path First)',NULL,1,'2024-07-08'),(105,26,'Quel protocole de commutation est utilisé pour transférer des trames de données entre des commutateurs dans un réseau local ?','[\"RIP (Routing Information Protocol)\",\"OSPF (Open Shortest Path First)\",\"BGP (Border Gateway Protocol)\",\"STP (Spanning Tree Protocol)\",\"EIGRP (Enhanced Interior Gateway Routing Protocol)\",\"ISIS (Intermediate System to Intermediate System)\"]','STP (Spanning Tree Protocol)',NULL,1,'2024-07-08'),(106,26,'Quel protocole de commutation permet à plusieurs commutateurs de travailler ensemble de manière à éliminer les boucles de commutation dans un réseau redondant ?','[\"RIP (Routing Information Protocol)\",\"OSPF (Open Shortest Path First)\",\"BGP (Border Gateway Protocol)\",\"STP (Spanning Tree Protocol)\",\"EIGRP (Enhanced Interior Gateway Routing Protocol)\",\"ISIS (Intermediate System to Intermediate System)\"]','STP (Spanning Tree Protocol)',NULL,1,'2024-07-08'),(107,27,'Qu\'est-ce que le routage statique dans un réseau informatique ?','[\"Le routage statique est une méthode où les routes sont déterminées dynamiquement par des protocoles de routage comme OSPF.\",\"Le routage statique est une méthode où les routes sont mises à jour automatiquement par le serveur DHCP.\",\"Le routage statique est une méthode où les routes sont gérées par un serveur DNS centralisé.\",\"Le routage statique est une méthode où les routes sont configurées manuellement par un administrateur réseau.\",\"Le routage statique est une méthode où les routes sont sécurisées par des protocoles de chiffrement comme IPSec.\",\"Le routage statique est une méthode où les routes sont contrôlées par des listes de contrôle d\'accès (ACL).\"]','Le routage statique est une méthode où les routes sont configurées manuellement par un administrateur réseau.',NULL,1,'2024-07-08'),(108,27,'Quel avantage le routage statique peut-il offrir par rapport au routage dynamique dans certaines configurations réseau ?','[\"Meilleure évolutivité pour des réseaux très complexes\",\"Capacité à s\'adapter automatiquement aux changements de topologie\",\"Meilleure sécurité grâce à la diffusion sélective des routes\",\"Simplicité et prévisibilité des chemins de routage\",\"Meilleure prise en charge des environnements virtualisés\",\"Capacité à prioriser le trafic critique pour les applications en temps réel\"]','Simplicité et prévisibilité des chemins de routage',NULL,1,'2024-07-08'),(109,28,'Quelle est la première étape de base dans la configuration d\'un routeur sur un réseau informatique ?','[\"Configurer les règles de sécurité du pare-feu\",\"Installer les dernières mises à jour du firmware\",\"Configurer les paramètres de routage dynamique\",\"Configurer une adresse IP pour l\'interface de gestion\",\"Configurer les paramètres de sécurité sans fil (Wi-Fi)\",\"Installer et configurer les applications de gestion réseau\"]','Configurer une adresse IP pour l\'interface de gestion',NULL,1,'2024-07-08'),(110,28,'Quel protocole est couramment utilisé pour configurer un routeur à distance de manière sécurisée ?','[\"HTTP (Hypertext Transfer Protocol)\",\"FTP (File Transfer Protocol)\",\"Telnet\",\"SSH (Secure Shell)\",\"SMTP (Simple Mail Transfer Protocol)\",\"SNMP (Simple Network Management Protocol)\"]','SSH (Secure Shell)',NULL,1,'2024-07-08'),(111,29,'Quelle est la première étape de base dans la configuration d\'un commutateur sur un réseau informatique ?','[\"Configurer les paramètres de sécurité du pare-feu\",\"Installer les dernières mises à jour du firmware\",\"Configurer les paramètres de routage dynamique\",\"Configurer les ports et les VLAN\",\"Configurer les paramètres de sécurité sans fil (Wi-Fi)\",\"Installer et configurer les applications de gestion réseau\"]','Configurer les ports et les VLAN',NULL,1,'2024-07-08'),(112,29,'Quelle est la principale fonction d\'un commutateur dans un réseau local ?','[\"Filtrer les données entrantes pour bloquer les attaques malveillantes\",\"Crypter les données pour une transmission sécurisée\",\"Contrôler l\'accès des utilisateurs au réseau\",\"Convertir des adresses IP publiques en adresses IP privées\",\"Transférer des données entre les périphériques connectés en utilisant des adresses MAC\",\"Convertir des adresses MAC en adresses IP\"]','Transférer des données entre les périphériques connectés en utilisant des adresses MAC',NULL,1,'2024-07-08');
/*!40000 ALTER TABLE `quiz` ENABLE KEYS */;
UNLOCK TABLES;
/*!50003 SET @saved_cs_client      = @@character_set_client */ ;
/*!50003 SET @saved_cs_results     = @@character_set_results */ ;
/*!50003 SET @saved_col_connection = @@collation_connection */ ;
/*!50003 SET character_set_client  = utf8mb4 */ ;
/*!50003 SET character_set_results = utf8mb4 */ ;
/*!50003 SET collation_connection  = utf8mb4_general_ci */ ;
/*!50003 SET @saved_sql_mode       = @@sql_mode */ ;
/*!50003 SET sql_mode              = 'NO_AUTO_VALUE_ON_ZERO' */ ;
DELIMITER ;;
/*!50003 CREATE*/ /*!50017 DEFINER=`root`@`localhost`*/ /*!50003 TRIGGER `update_quizGroupes_after_quiz_change` AFTER INSERT ON `quiz` FOR EACH ROW BEGIN
    UPDATE chapters c
    SET quizGroupes = (
        SELECT COUNT(DISTINCT quiz_group)
        FROM quiz
        WHERE chapter_id = NEW.chapter_id
    )
    WHERE c._id = NEW.chapter_id;
END */;;
DELIMITER ;
/*!50003 SET sql_mode              = @saved_sql_mode */ ;
/*!50003 SET character_set_client  = @saved_cs_client */ ;
/*!50003 SET character_set_results = @saved_cs_results */ ;
/*!50003 SET collation_connection  = @saved_col_connection */ ;
/*!50003 SET @saved_cs_client      = @@character_set_client */ ;
/*!50003 SET @saved_cs_results     = @@character_set_results */ ;
/*!50003 SET @saved_col_connection = @@collation_connection */ ;
/*!50003 SET character_set_client  = utf8mb4 */ ;
/*!50003 SET character_set_results = utf8mb4 */ ;
/*!50003 SET collation_connection  = utf8mb4_general_ci */ ;
/*!50003 SET @saved_sql_mode       = @@sql_mode */ ;
/*!50003 SET sql_mode              = 'NO_AUTO_VALUE_ON_ZERO' */ ;
DELIMITER ;;
/*!50003 CREATE*/ /*!50017 DEFINER=`root`@`localhost`*/ /*!50003 TRIGGER `update_quizGroupes_after_quiz_update` AFTER UPDATE ON `quiz` FOR EACH ROW BEGIN
    UPDATE chapters c
    SET quizGroupes = (
        SELECT COUNT(DISTINCT quiz_group)
        FROM quiz
        WHERE chapter_id = NEW.chapter_id
    )
    WHERE c._id = NEW.chapter_id;
END */;;
DELIMITER ;
/*!50003 SET sql_mode              = @saved_sql_mode */ ;
/*!50003 SET character_set_client  = @saved_cs_client */ ;
/*!50003 SET character_set_results = @saved_cs_results */ ;
/*!50003 SET collation_connection  = @saved_col_connection */ ;
/*!50003 SET @saved_cs_client      = @@character_set_client */ ;
/*!50003 SET @saved_cs_results     = @@character_set_results */ ;
/*!50003 SET @saved_col_connection = @@collation_connection */ ;
/*!50003 SET character_set_client  = utf8mb4 */ ;
/*!50003 SET character_set_results = utf8mb4 */ ;
/*!50003 SET collation_connection  = utf8mb4_general_ci */ ;
/*!50003 SET @saved_sql_mode       = @@sql_mode */ ;
/*!50003 SET sql_mode              = 'NO_AUTO_VALUE_ON_ZERO' */ ;
DELIMITER ;;
/*!50003 CREATE*/ /*!50017 DEFINER=`root`@`localhost`*/ /*!50003 TRIGGER `update_quizGroupes_after_quiz_delete` AFTER DELETE ON `quiz` FOR EACH ROW BEGIN
    UPDATE chapters c
    SET quizGroupes = (
        SELECT COUNT(DISTINCT quiz_group)
        FROM quiz
        WHERE chapter_id = OLD.chapter_id
    )
    WHERE c._id = OLD.chapter_id;
END */;;
DELIMITER ;
/*!50003 SET sql_mode              = @saved_sql_mode */ ;
/*!50003 SET character_set_client  = @saved_cs_client */ ;
/*!50003 SET character_set_results = @saved_cs_results */ ;
/*!50003 SET collation_connection  = @saved_col_connection */ ;

--
-- Table structure for table `users`
--

DROP TABLE IF EXISTS `users`;
/*!40101 SET @saved_cs_client     = @@character_set_client */;
/*!50503 SET character_set_client = utf8mb4 */;
CREATE TABLE `users` (
  `_id` int(11) NOT NULL AUTO_INCREMENT,
  `name` text DEFAULT NULL,
  `email` text DEFAULT NULL,
  `password` text DEFAULT NULL,
  `annee` int(11) DEFAULT NULL,
  `filiere` text DEFAULT NULL,
  `profile` text DEFAULT NULL,
  createdAt TIMESTAMP DEFAULT current_timestamp(),
  `last_login` datetime DEFAULT NULL,
  PRIMARY KEY (`_id`)
) ENGINE=InnoDB AUTO_INCREMENT=21 DEFAULT CHARSET=utf8mb4 COLLATE=utf8mb4_general_ci;
/*!40101 SET character_set_client = @saved_cs_client */;

--
-- Dumping data for table `users`
--

LOCK TABLES `users` WRITE;
/*!40000 ALTER TABLE `users` DISABLE KEYS */;
INSERT INTO `users` VALUES (1,'med','med@mail.com','0',1,'TGI','user','2024-05-12','2024-07-08 17:51:20'),(3,'TestAdmin','0@m.com','0',0,'','admin','2024-05-12','2024-07-08 17:09:24'),(20,'Hamza El Fahli','hamza@eLearn.com','0',2,'TSSRI','user','2024-06-26','2024-07-01 14:29:08');
/*!40000 ALTER TABLE `users` ENABLE KEYS */;
UNLOCK TABLES;
/*!40103 SET TIME_ZONE=@OLD_TIME_ZONE */;

/*!40101 SET SQL_MODE=@OLD_SQL_MODE */;
/*!40014 SET FOREIGN_KEY_CHECKS=@OLD_FOREIGN_KEY_CHECKS */;
/*!40014 SET UNIQUE_CHECKS=@OLD_UNIQUE_CHECKS */;
/*!40101 SET CHARACTER_SET_CLIENT=@OLD_CHARACTER_SET_CLIENT */;
/*!40101 SET CHARACTER_SET_RESULTS=@OLD_CHARACTER_SET_RESULTS */;
/*!40101 SET COLLATION_CONNECTION=@OLD_COLLATION_CONNECTION */;
/*!40111 SET SQL_NOTES=@OLD_SQL_NOTES */;

-- Dump completed on 2024-07-08 18:31:24
