{
  "width": 597,
  "height": 406,
  "cx": [
    [ "PROGRESSION", 60 ],
    [ "AVANCEMENT", 193 ],
    [ "UTILISATEUR", 327 ],
    [ "GERER", 442 ],
    [ "COURS", 549 ],
    [ "RECORD", 60 ],
    [ "CHAPITRE", 193 ],
    [ "A", 327 ],
    [ "MODULE", 442 ],
    [ "CONTIENT", 549 ],
    [ "LESSON", 60 ],
    [ "ASSOCIE", 193 ],
    [ "INCLUT", 327 ],
    [ "TEST", 442 ]
  ],
  "cy": [
    [ "PROGRESSION", 85 ],
    [ "AVANCEMENT", 85 ],
    [ "UTILISATEUR", 85 ],
    [ "GERER", 85 ],
    [ "COURS", 85 ],
    [ "RECORD", 228 ],
    [ "CHAPITRE", 228 ],
    [ "A", 228 ],
    [ "MODULE", 228 ],
    [ "CONTIENT", 228 ],
    [ "LESSON", 346 ],
    [ "ASSOCIE", 346 ],
    [ "INCLUT", 346 ],
    [ "TEST", 346 ]
  ],
  "shift": [
    [ "AVANCEMENT,UTILISATEUR,0", 0 ],
    [ "AVANCEMENT,PROGRESSION,0", 0 ],
    [ "GERER,UTILISATEUR,0", 0 ],
    [ "GERER,COURS,0", 0 ],
    [ "RECORD,PROGRESSION,0", 0 ],
    [ "RECORD,CHAPITRE,0", 0 ],
    [ "A,MODULE,0", 0 ],
    [ "A,CHAPITRE,0", 0 ],
    [ "CONTIENT,COURS,0", 0 ],
    [ "CONTIENT,MODULE,0", 0 ],
    [ "ASSOCIE,CHAPITRE,0", 0 ],
    [ "ASSOCIE,LESSON,0", 0 ],
    [ "INCLUT,CHAPITRE,0", 0 ],
    [ "INCLUT,TEST,0", 0 ]
  ],
  "ratio": []
}
